{"stats":{"minecraft:used":{"minecraft:dirt":1},"minecraft:custom":{"minecraft:jump":25,"minecraft:time_since_rest":4775,"minecraft:damage_dealt":10,"minecraft:damage_taken":15,"minecraft:play_one_minute":4775,"minecraft:leave_game":1,"minecraft:sprint_one_cm":3784,"minecraft:time_since_death":4775,"minecraft:walk_on_water_one_cm":318,"minecraft:walk_one_cm":1923,"minecraft:fall_one_cm":629,"minecraft:fly_one_cm":3127},"minecraft:picked_up":{"minecraft:stick":5,"minecraft:oak_log":4,"minecraft:dirt":3},"minecraft:mined":{"minecraft:grass_block":1,"minecraft:dirt":2}},"DataVersion":2586}