{"stats":{"minecraft:used":{"minecraft:stone_sword":26,"minecraft:stone_pickaxe":70,"minecraft:wooden_pickaxe":38,"minecraft:spruce_planks":2,"minecraft:stone_axe":9,"carryon:tile_item":4,"minecraft:crafting_table":2,"minecraft:furnace":3,"tombstone:gift":3},"minecraft:killed_by":{"undead:thesnatcher":3,"zombie_extreme:drawnedzombie":1,"minecraft:skeleton":5,"zombie_extreme:fast_zombie_v_2":1,"minecraft:enderman":1},"minecraft:custom":{"minecraft:time_since_rest":1,"minecraft:interact_with_furnace":75,"minecraft:sprint_one_cm":78497,"minecraft:damage_taken":1582,"minecraft:walk_one_cm":78906,"minecraft:mob_kills":6,"minecraft:drop":7,"minecraft:damage_dealt":1293,"minecraft:interact_with_crafting_table":13,"minecraft:fly_one_cm":67936,"minecraft:open_chest":2,"minecraft:open_barrel":1,"minecraft:play_one_minute":25973,"minecraft:crouch_one_cm":2132,"tombstone:undead_killed":3,"minecraft:deaths":11,"minecraft:sneak_time":1569,"minecraft:walk_under_water_one_cm":6169,"minecraft:jump":395,"minecraft:leave_game":1,"minecraft:walk_on_water_one_cm":863,"minecraft:time_since_death":312,"minecraft:fall_one_cm":5177},"minecraft:dropped":{"minecraft:spruce_planks":28,"tombstone:grave_key":2,"minecraft:chicken":2,"minecraft:cobblestone":11},"minecraft:mined":{"minecraft:spruce_planks":3,"minecraft:furnace":2,"minecraft:andesite":20,"minecraft:crafting_table":1,"minecraft:grass_block":3,"minecraft:dirt":6,"minecraft:stone":69,"minecraft:bricks":2},"minecraft:picked_up":{"minecraft:stick":41,"minecraft:crafting_table":1,"minecraft:feather":4,"minecraft:chicken":3,"minecraft:andesite":20,"dynamictrees:spruce_seed":1,"tombstone:grave_key":2,"tombstone:grave_dust":2,"minecraft:grass_block":1,"minecraft:spruce_log":31,"minecraft:rotten_flesh":1,"minecraft:dirt":9,"minecraft:bone":1,"mysticalagriculture:inferium_essence":2,"minecraft:spruce_planks":12,"tombstone:magic_scroll":1,"minecraft:bricks":2,"minecraft:cobblestone":63,"minecraft:furnace":2},"minecraft:killed":{"minecraft:guardian":1,"minecraft:zombie":1,"minecraft:chicken":2,"undead:sucker":1,"undead:spitter":1,"minecraft:enderman":1},"minecraft:crafted":{"blockarmor:cobblestone_boots":1,"blockarmor:cobblestone_chestplate":1,"minecraft:crafting_table":1,"minecraft:spruce_planks":24,"minecraft:wooden_pickaxe":1,"minecraft:stone_pickaxe":1,"minecraft:stone_sword":1,"blockarmor:cobblestone_helmet":1,"minecraft:furnace":1,"blockarmor:cobblestone_leggings":1,"minecraft:stone_axe":1}},"DataVersion":2586}