{"stats":{"minecraft:used":{"minecraft:stone_sword":6,"minecraft:stone_pickaxe":25,"minecraft:wooden_pickaxe":38,"minecraft:spruce_planks":2,"minecraft:stone_axe":4,"carryon:tile_item":2,"minecraft:crafting_table":2,"minecraft:furnace":3,"tombstone:gift":2},"minecraft:killed_by":{"undead:thesnatcher":1,"zombie_extreme:fast_zombie_v_2":1,"minecraft:enderman":1},"minecraft:custom":{"minecraft:time_since_rest":2773,"minecraft:interact_with_furnace":64,"minecraft:sprint_one_cm":34958,"minecraft:damage_taken":435,"minecraft:walk_one_cm":40310,"minecraft:mob_kills":2,"minecraft:drop":3,"minecraft:damage_dealt":459,"minecraft:interact_with_crafting_table":10,"minecraft:fly_one_cm":24470,"minecraft:open_chest":2,"minecraft:open_barrel":1,"minecraft:play_one_minute":13973,"minecraft:crouch_one_cm":1997,"tombstone:undead_killed":1,"minecraft:deaths":3,"minecraft:sneak_time":1318,"minecraft:jump":179,"minecraft:leave_game":1,"minecraft:time_since_death":3397,"minecraft:fall_one_cm":3132},"minecraft:dropped":{"minecraft:spruce_planks":10,"minecraft:chicken":2},"minecraft:mined":{"minecraft:spruce_planks":2,"minecraft:furnace":2,"minecraft:andesite":19,"minecraft:crafting_table":1,"minecraft:grass_block":3,"minecraft:dirt":6,"minecraft:stone":25,"minecraft:bricks":2},"minecraft:picked_up":{"minecraft:stick":14,"minecraft:crafting_table":1,"minecraft:feather":2,"minecraft:chicken":2,"minecraft:andesite":19,"dynamictrees:spruce_seed":1,"tombstone:grave_dust":2,"minecraft:grass_block":1,"minecraft:spruce_log":8,"minecraft:dirt":9,"minecraft:bone":1,"mysticalagriculture:inferium_essence":1,"minecraft:spruce_planks":11,"minecraft:bricks":2,"minecraft:cobblestone":23,"minecraft:furnace":2},"minecraft:killed":{"minecraft:chicken":1,"undead:sucker":1,"minecraft:enderman":1},"minecraft:crafted":{"minecraft:crafting_table":1,"minecraft:spruce_planks":24,"minecraft:wooden_pickaxe":1,"minecraft:stone_pickaxe":1,"minecraft:stone_sword":1,"minecraft:furnace":1,"minecraft:stone_axe":1}},"DataVersion":2586}