{"stats":{"minecraft:crafted":{"minecraft:oak_planks":28,"minecraft:crafting_table":1,"minecraft:stone_pickaxe":5,"minecraft:wooden_pickaxe":1},"minecraft:used":{"minecraft:dirt":1,"minecraft:crafting_table":1,"nefdecomod:rock_small":1,"minecraft:wooden_pickaxe":28},"minecraft:custom":{"minecraft:time_since_rest":14942,"minecraft:play_one_minute":14942,"minecraft:sprint_one_cm":2291,"minecraft:damage_taken":10,"minecraft:walk_one_cm":15463,"minecraft:jump":32,"minecraft:damage_dealt":15,"minecraft:leave_game":2,"minecraft:time_since_death":14942,"minecraft:interact_with_crafting_table":3,"minecraft:fall_one_cm":743,"minecraft:fly_one_cm":2365},"minecraft:picked_up":{"minecraft:birch_log":3,"minecraft:stick":19,"nefdecomod:rock_small":1,"minecraft:granite":1,"minecraft:oak_log":7,"minecraft:dirt":4,"minecraft:cobblestone":27},"minecraft:mined":{"minecraft:granite":1,"minecraft:grass_block":1,"minecraft:dirt":3,"nefdecomod:stones":1,"minecraft:stone":27}},"DataVersion":2586}