{"stats":{"minecraft:used":{"minecraft:stone_sword":18,"minecraft:stone_pickaxe":42,"minecraft:spruce_planks":13,"minecraft:wooden_pickaxe":12,"minecraft:stone_axe":20,"carryon:tile_item":1,"minecraft:dirt":2,"minecraft:crafting_table":1,"minecraft:furnace":1,"tombstone:gift":4},"minecraft:killed_by":{"undead:thesnatcher":1,"undead:sucker":1,"zombie_extreme:militarysoldier":1,"zombie_extreme:drawnedzombie":1,"minecraft:skeleton":3,"undead:themoonflower":1,"minecraft:enderman":2},"minecraft:custom":{"minecraft:time_since_rest":242,"minecraft:interact_with_furnace":14,"minecraft:sprint_one_cm":61701,"minecraft:damage_taken":1802,"minecraft:walk_one_cm":64737,"minecraft:mob_kills":8,"minecraft:damage_dealt":1226,"minecraft:interact_with_crafting_table":7,"minecraft:fly_one_cm":48996,"minecraft:open_chest":1,"minecraft:play_one_minute":29360,"minecraft:crouch_one_cm":407,"tombstone:undead_killed":6,"minecraft:deaths":10,"minecraft:sneak_time":558,"minecraft:jump":306,"minecraft:leave_game":1,"minecraft:time_since_death":718,"minecraft:fall_one_cm":2862},"minecraft:mined":{"minecraft:spruce_planks":2,"minecraft:furnace":2,"minecraft:andesite":1,"zombie_extreme:copper_ore":1,"minecraft:crafting_table":2,"minecraft:grass":1,"minecraft:grass_block":2,"minecraft:stone":49,"mysticalagriculture:inferium_ore":1},"minecraft:picked_up":{"minecraft:stick":37,"minecraft:crafting_table":2,"minecraft:chicken":1,"minecraft:andesite":1,"dynamictrees:spruce_seed":2,"tombstone:grave_dust":1,"minecraft:spruce_log":37,"minecraft:dirt":2,"minecraft:bone":2,"minecraft:arrow":2,"minecraft:rotten_flesh":7,"mysticalagriculture:inferium_essence":3,"minecraft:spruce_planks":2,"zombie_extreme:copper_ore":1,"minecraft:cobblestone":46,"minecraft:furnace":2},"minecraft:killed":{"minecraft:skeleton":1,"undead:sucker":1,"zombie_extreme:parasite":1,"zombie_extreme:fast_zombie_v_2":1,"zombie_extreme:boomerzombie":1,"zombie_extreme:drawnedzombie":1},"minecraft:crafted":{"blockarmor:cobblestone_boots":1,"minecraft:leather":4,"blockarmor:cobblestone_chestplate":1,"minecraft:crafting_table":1,"minecraft:spruce_planks":76,"minecraft:cooked_chicken":1,"minecraft:wooden_pickaxe":1,"minecraft:stone_pickaxe":1,"minecraft:stone_sword":2,"blockarmor:cobblestone_helmet":1,"blockarmor:cobblestone_leggings":1,"minecraft:stone_axe":1,"minecraft:air":0}},"DataVersion":2586}