{"stats":{"minecraft:used":{"minecraft:stone_sword":6,"minecraft:stone_pickaxe":4,"minecraft:spruce_planks":9,"minecraft:wooden_pickaxe":12,"minecraft:stone_axe":17,"carryon:tile_item":1,"minecraft:dirt":2,"minecraft:crafting_table":1,"minecraft:furnace":1,"tombstone:gift":4},"minecraft:killed_by":{"undead:sucker":1,"undead:themoonflower":1,"minecraft:enderman":2},"minecraft:custom":{"minecraft:time_since_rest":6084,"minecraft:interact_with_furnace":12,"minecraft:sprint_one_cm":25509,"minecraft:damage_taken":927,"minecraft:walk_one_cm":39319,"minecraft:mob_kills":5,"minecraft:damage_dealt":854,"minecraft:interact_with_crafting_table":5,"minecraft:fly_one_cm":16702,"minecraft:play_one_minute":17360,"minecraft:crouch_one_cm":362,"tombstone:undead_killed":4,"minecraft:deaths":4,"minecraft:sneak_time":515,"minecraft:jump":167,"minecraft:leave_game":1,"minecraft:time_since_death":6484,"minecraft:fall_one_cm":2384},"minecraft:mined":{"minecraft:spruce_planks":2,"minecraft:furnace":1,"minecraft:andesite":1,"minecraft:crafting_table":1,"minecraft:grass":1,"minecraft:grass_block":2,"minecraft:stone":14},"minecraft:picked_up":{"minecraft:stick":28,"minecraft:crafting_table":1,"minecraft:chicken":1,"minecraft:andesite":1,"dynamictrees:spruce_seed":2,"tombstone:grave_dust":1,"minecraft:spruce_log":19,"minecraft:dirt":2,"minecraft:rotten_flesh":5,"minecraft:spruce_planks":2,"minecraft:cobblestone":16,"minecraft:furnace":1},"minecraft:killed":{"undead:sucker":1,"zombie_extreme:parasite":1,"zombie_extreme:fast_zombie_v_2":1,"zombie_extreme:boomerzombie":1},"minecraft:crafted":{"minecraft:crafting_table":1,"minecraft:spruce_planks":76,"minecraft:cooked_chicken":1,"minecraft:wooden_pickaxe":1,"minecraft:stone_pickaxe":1,"minecraft:stone_sword":2,"minecraft:stone_axe":1}},"DataVersion":2586}