{"stats":{"minecraft:used":{"minecraft:dirt":2},"minecraft:killed_by":{"undead:themoonflower":1},"minecraft:custom":{"minecraft:jump":84,"minecraft:time_since_rest":1,"minecraft:leave_game":1,"minecraft:crouch_one_cm":17,"minecraft:play_one_minute":6010,"minecraft:deaths":1,"minecraft:sprint_one_cm":5047,"minecraft:damage_taken":70,"minecraft:time_since_death":230,"minecraft:walk_one_cm":16182,"minecraft:sneak_time":141,"minecraft:fall_one_cm":1227,"minecraft:fly_one_cm":3900},"minecraft:mined":{"minecraft:grass_block":2},"minecraft:picked_up":{"minecraft:stick":17,"minecraft:rotten_flesh":2,"minecraft:spruce_log":13,"dynamictrees:spruce_seed":1,"minecraft:dirt":2}},"DataVersion":2586}