{"stats":{"minecraft:used":{"minecraft:dirt":10,"minecraft:sweet_berries":1},"minecraft:killed_by":{"minecraft:enderman":1,"zombie_extreme:infected_dog":2},"minecraft:custom":{"minecraft:time_since_rest":4887,"minecraft:open_chest":3,"tombstone:undead_killed":1,"minecraft:play_one_minute":15070,"minecraft:crouch_one_cm":1054,"minecraft:sprint_one_cm":57986,"minecraft:walk_one_cm":42911,"minecraft:damage_taken":875,"minecraft:deaths":4,"minecraft:sneak_time":1221,"tombstone:sneak_grave":2,"minecraft:mob_kills":1,"minecraft:drop":3,"minecraft:jump":336,"minecraft:damage_dealt":300,"minecraft:time_since_death":5360,"minecraft:fly_one_cm":37681,"minecraft:fall_one_cm":3814,"minecraft:open_barrel":1},"minecraft:dropped":{"tombstone:grave_key":3},"minecraft:picked_up":{"minecraft:rotten_flesh":1,"pizzacraft:cucumber_seeds":1,"minecraft:sweet_berries":22,"minecraft:poppy":1,"pizzacraft:broccoli_seeds":1,"minecraft:dirt":25,"minecraft:egg":1},"minecraft:mined":{"minecraft:large_fern":1,"minecraft:grass":1,"minecraft:poppy":1,"minecraft:grass_block":8,"minecraft:dirt":18,"minecraft:tall_grass":2,"minecraft:sweet_berry_bush":3,"dynamictrees:spruce_leaves":8},"minecraft:killed":{"undead:thestone":1}},"DataVersion":2586}