{"stats":{"minecraft:custom":{"minecraft:jump":60,"minecraft:open_chest":1,"minecraft:time_since_rest":1,"minecraft:play_one_minute":3070,"minecraft:deaths":1,"minecraft:sprint_one_cm":7830,"minecraft:damage_taken":340,"minecraft:time_since_death":48,"minecraft:walk_one_cm":9376,"minecraft:fall_one_cm":873,"minecraft:fly_one_cm":3976,"minecraft:open_barrel":1},"minecraft:picked_up":{"minecraft:dirt":3},"minecraft:mined":{"minecraft:grass_block":3,"dynamictrees:spruce_leaves":4}},"DataVersion":2586}