{"stats":{"minecraft:used":{"minecraft:stone_pickaxe":6,"minecraft:spruce_planks":1,"minecraft:stone_axe":10,"minecraft:dirt":23,"minecraft:sweet_berries":3},"minecraft:killed_by":{"undead:sucker":1,"zombie_extreme:infected_dog":2,"zombie_extreme:militarysoldier":1,"minecraft:skeleton":2,"minecraft:zombie":1,"minecraft:enderman":1},"minecraft:custom":{"minecraft:time_since_rest":411,"minecraft:interact_with_furnace":5,"minecraft:sprint_one_cm":97827,"minecraft:damage_taken":2014,"minecraft:walk_one_cm":86563,"tombstone:sneak_grave":4,"minecraft:mob_kills":2,"minecraft:drop":9,"minecraft:damage_dealt":781,"minecraft:interact_with_crafting_table":2,"minecraft:fly_one_cm":62139,"minecraft:open_barrel":1,"minecraft:open_chest":4,"minecraft:crouch_one_cm":1432,"minecraft:play_one_minute":27644,"tombstone:undead_killed":3,"minecraft:deaths":9,"minecraft:sneak_time":1853,"minecraft:walk_under_water_one_cm":512,"minecraft:jump":537,"minecraft:leave_game":1,"minecraft:time_since_death":0,"minecraft:walk_on_water_one_cm":9711,"minecraft:fall_one_cm":7946},"minecraft:dropped":{"tombstone:grave_key":9},"minecraft:picked_up":{"minecraft:stick":45,"minecraft:sweet_berries":43,"dynamictrees:spruce_seed":3,"tombstone:grave_key":4,"minecraft:spruce_log":28,"pizzacraft:broccoli_seeds":1,"minecraft:dirt":26,"minecraft:bone":1,"pizzacraft:cucumber_seeds":1,"minecraft:rotten_flesh":6,"minecraft:spruce_planks":19,"minecraft:poppy":1,"minecraft:cobblestone":26,"minecraft:egg":1},"minecraft:mined":{"minecraft:large_fern":2,"minecraft:spruce_planks":1,"minecraft:sweet_berry_bush":5,"dynamictrees:spruce_leaves":8,"minecraft:grass":1,"minecraft:grass_block":8,"minecraft:poppy":1,"minecraft:dirt":18,"minecraft:tall_grass":2,"minecraft:stone":6},"minecraft:killed":{"undead:thestone":1,"undead:sucker":1,"undead:themoonflower":1},"minecraft:crafted":{"minecraft:stick":36,"minecraft:stone_pickaxe":1,"minecraft:stone_axe":1}},"DataVersion":2586}