{
  "pizzacraft:root": {
    "criteria": {
      "tick": "2024-11-22 03:02:31 +0000"
    },
    "done": true
  },
  "tombstone:adventure/root": {
    "criteria": {
      "auto": "2024-11-22 03:02:31 +0000"
    },
    "done": true
  },
  "undead:undeadto": {
    "criteria": {
      "undeadto": "2024-11-22 03:02:31 +0000"
    },
    "done": true
  },
  "parcool:grant_parcool_guide": {
    "criteria": {
      "tick": "2024-11-22 03:02:31 +0000"
    },
    "done": true
  },
  "minecraft:adventure/adventuring_time": {
    "criteria": {
      "minecraft:mountains": "2024-11-22 03:02:31 +0000",
      "minecraft:taiga": "2024-11-22 03:02:56 +0000"
    },
    "done": false
  },
  "DataVersion": 2586
}