{
  "minecraft:recipes/decorations/smoker": {
    "criteria": {
      "has_furnace": "2024-11-22 03:09:54 +0000"
    },
    "done": true
  },
  "mcwholidays:recipes/pyramid_cobweb": {
    "criteria": {
      "has_planks": "2024-11-22 03:05:19 +0000"
    },
    "done": true
  },
  "minecraft:recipes/building_blocks/brick_stairs_from_bricks_stonecutting": {
    "criteria": {
      "has_bricks": "2024-11-22 03:07:54 +0000"
    },
    "done": true
  },
  "minecraft:recipes/tools/wooden_axe": {
    "criteria": {
      "has_stick": "2024-11-22 03:05:19 +0000"
    },
    "done": true
  },
  "minecraft:recipes/decorations/spruce_sign": {
    "criteria": {
      "has_spruce_planks": "2024-11-22 03:05:28 +0000"
    },
    "done": true
  },
  "minecraft:recipes/redstone/lever": {
    "criteria": {
      "has_cobblestone": "2024-11-22 03:06:15 +0000"
    },
    "done": true
  },
  "mcwholidays:recipes/gravestone": {
    "criteria": {
      "has_planks": "2024-11-22 03:05:19 +0000"
    },
    "done": true
  },
  "minecraft:recipes/building_blocks/cobblestone_stairs_from_cobblestone_stonecutting": {
    "criteria": {
      "has_cobblestone": "2024-11-22 03:06:15 +0000"
    },
    "done": true
  },
  "mcwholidays:recipes/witch_cauldron": {
    "criteria": {
      "has_planks": "2024-11-22 03:05:19 +0000"
    },
    "done": true
  },
  "undead:undeadto": {
    "criteria": {
      "undeadto": "2024-11-22 03:02:31 +0000"
    },
    "done": true
  },
  "minecraft:recipes/decorations/brick_wall": {
    "criteria": {
      "has_bricks": "2024-11-22 03:07:54 +0000"
    },
    "done": true
  },
  "mcwholidays:recipes/bat_doormat": {
    "criteria": {
      "has_planks": "2024-11-22 03:05:19 +0000"
    },
    "done": true
  },
  "mcwholidays:recipes/mixed_oak_leaves": {
    "criteria": {
      "has_planks": "2024-11-22 03:05:19 +0000"
    },
    "done": true
  },
  "minecraft:recipes/redstone/spruce_door": {
    "criteria": {
      "has_planks": "2024-11-22 03:05:28 +0000"
    },
    "done": true
  },
  "mcwholidays:recipes/brown_oak_leaves": {
    "criteria": {
      "has_planks": "2024-11-22 03:05:19 +0000"
    },
    "done": true
  },
  "mcwholidays:recipes/flat_dirt_gravestone": {
    "criteria": {
      "has_planks": "2024-11-22 03:05:19 +0000"
    },
    "done": true
  },
  "minecraft:recipes/building_blocks/polished_andesite_stairs_from_andesite_stonecutting": {
    "criteria": {
      "has_andesite": "2024-11-22 03:05:59 +0000"
    },
    "done": true
  },
  "mcwholidays:recipes/cornered_cobweb": {
    "criteria": {
      "has_planks": "2024-11-22 03:05:19 +0000"
    },
    "done": true
  },
  "mcwbridges:recipes/spruce_bridge_pier": {
    "criteria": {
      "has_planks": "2024-11-22 03:05:25 +0000"
    },
    "done": true
  },
  "mcwbridges:recipes/brick_bridge": {
    "criteria": {
      "has_planks": "2024-11-22 03:07:54 +0000"
    },
    "done": true
  },
  "minecraft:recipes/redstone/spruce_fence_gate": {
    "criteria": {
      "has_planks": "2024-11-22 03:05:28 +0000"
    },
    "done": true
  },
  "mcwbridges:recipes/rope_spruce_bridge": {
    "criteria": {
      "has_planks": "2024-11-22 03:05:28 +0000"
    },
    "done": true
  },
  "mcwholidays:recipes/pumpkin_doormat": {
    "criteria": {
      "has_planks": "2024-11-22 03:05:19 +0000"
    },
    "done": true
  },
  "mcwholidays:recipes/sitting_skeleton": {
    "criteria": {
      "has_planks": "2024-11-22 03:05:19 +0000"
    },
    "done": true
  },
  "minecraft:recipes/decorations/campfire": {
    "criteria": {
      "has_stick": "2024-11-22 03:05:19 +0000"
    },
    "done": true
  },
  "minecraft:recipes/decorations/crafting_table": {
    "criteria": {
      "has_planks": "2024-11-22 03:05:28 +0000"
    },
    "done": true
  },
  "mcwholidays:recipes/hay_wheelbarrow": {
    "criteria": {
      "has_planks": "2024-11-22 03:05:19 +0000"
    },
    "done": true
  },
  "mcwholidays:recipes/red_oak_leaves": {
    "criteria": {
      "has_planks": "2024-11-22 03:05:19 +0000"
    },
    "done": true
  },
  "minecraft:recipes/decorations/ladder": {
    "criteria": {
      "has_stick": "2024-11-22 03:05:19 +0000"
    },
    "done": true
  },
  "mcwholidays:recipes/orange_balloon": {
    "criteria": {
      "has_planks": "2024-11-22 03:05:19 +0000"
    },
    "done": true
  },
  "mcwholidays:recipes/ground_skeleton": {
    "criteria": {
      "has_planks": "2024-11-22 03:05:19 +0000"
    },
    "done": true
  },
  "minecraft:recipes/decorations/chest": {
    "criteria": {
      "has_lots_of_items": "2024-11-22 03:07:31 +0000"
    },
    "done": true
  },
  "mcwholidays:recipes/triangle_cobweb": {
    "criteria": {
      "has_planks": "2024-11-22 03:05:19 +0000"
    },
    "done": true
  },
  "minecraft:recipes/redstone/spruce_button": {
    "criteria": {
      "has_planks": "2024-11-22 03:05:28 +0000"
    },
    "done": true
  },
  "minecraft:recipes/tools/wooden_shovel": {
    "criteria": {
      "has_stick": "2024-11-22 03:05:19 +0000"
    },
    "done": true
  },
  "mcwholidays:recipes/small_gravestone": {
    "criteria": {
      "has_planks": "2024-11-22 03:05:19 +0000"
    },
    "done": true
  },
  "minecraft:recipes/decorations/torch": {
    "criteria": {
      "has_stone_pickaxe": "2024-11-22 03:07:31 +0000"
    },
    "done": true
  },
  "mcwholidays:recipes/standing_hay_bale": {
    "criteria": {
      "has_planks": "2024-11-22 03:05:19 +0000"
    },
    "done": true
  },
  "mcwholidays:recipes/square_gravestone": {
    "criteria": {
      "has_planks": "2024-11-22 03:05:19 +0000"
    },
    "done": true
  },
  "securitycraft:recipes/securitycraft/sc_manual": {
    "criteria": {
      "has_wood": "2024-11-22 03:05:25 +0000"
    },
    "done": true
  },
  "mcwholidays:recipes/wooden_cross": {
    "criteria": {
      "has_planks": "2024-11-22 03:05:19 +0000"
    },
    "done": true
  },
  "mcwholidays:recipes/lit_evil_pumpkin": {
    "criteria": {
      "has_planks": "2024-11-22 03:05:19 +0000"
    },
    "done": true
  },
  "undead:suckss": {
    "criteria": {
      "suckss": "2024-11-22 03:07:12 +0000"
    },
    "done": true
  },
  "minecraft:recipes/misc/stick": {
    "criteria": {
      "has_planks": "2024-11-22 03:05:28 +0000"
    },
    "done": true
  },
  "minecraft:recipes/building_blocks/andesite_slab_from_andesite_stonecutting": {
    "criteria": {
      "has_andesite": "2024-11-22 03:05:59 +0000"
    },
    "done": true
  },
  "minecraft:recipes/combat/arrow": {
    "criteria": {
      "has_feather": "2024-11-22 03:07:51 +0000"
    },
    "done": true
  },
  "minecraft:recipes/building_blocks/spruce_wood": {
    "criteria": {
      "has_log": "2024-11-22 03:05:25 +0000"
    },
    "done": true
  },
  "tombstone:adventure/cancel_ghostly_shape": {
    "criteria": {
      "coded_trigger": "2024-11-22 03:11:51 +0000"
    },
    "done": true
  },
  "minecraft:recipes/transportation/spruce_boat": {
    "criteria": {
      "in_water": "2024-11-22 03:23:13 +0000"
    },
    "done": true
  },
  "mcwholidays:recipes/bat_wall_deco_3": {
    "criteria": {
      "has_planks": "2024-11-22 03:05:19 +0000"
    },
    "done": true
  },
  "mcwholidays:recipes/yellow_oak_leaves": {
    "criteria": {
      "has_planks": "2024-11-22 03:05:19 +0000"
    },
    "done": true
  },
  "mcwholidays:recipes/bat_wall_deco_2": {
    "criteria": {
      "has_planks": "2024-11-22 03:05:19 +0000"
    },
    "done": true
  },
  "mcwholidays:recipes/ghost_wall_deco_2": {
    "criteria": {
      "has_planks": "2024-11-22 03:05:19 +0000"
    },
    "done": true
  },
  "mcwholidays:recipes/bat_wall_deco_1": {
    "criteria": {
      "has_planks": "2024-11-22 03:05:19 +0000"
    },
    "done": true
  },
  "mcwholidays:recipes/ghost_wall_deco_1": {
    "criteria": {
      "has_planks": "2024-11-22 03:05:19 +0000"
    },
    "done": true
  },
  "mcwholidays:recipes/pumpkin_balloon": {
    "criteria": {
      "has_planks": "2024-11-22 03:05:19 +0000"
    },
    "done": true
  },
  "mcwholidays:recipes/happy_ghost": {
    "criteria": {
      "has_planks": "2024-11-22 03:05:19 +0000"
    },
    "done": true
  },
  "minecraft:recipes/combat/wooden_sword": {
    "criteria": {
      "has_stick": "2024-11-22 03:05:19 +0000"
    },
    "done": true
  },
  "minecraft:recipes/tools/stone_shovel": {
    "criteria": {
      "has_cobblestone": "2024-11-22 03:06:15 +0000"
    },
    "done": true
  },
  "mcwholidays:recipes/spooky_cobweb": {
    "criteria": {
      "has_planks": "2024-11-22 03:05:19 +0000"
    },
    "done": true
  },
  "tombstone:adventure/root": {
    "criteria": {
      "auto": "2024-11-22 03:02:31 +0000"
    },
    "done": true
  },
  "minecraft:recipes/building_blocks/spruce_slab": {
    "criteria": {
      "has_planks": "2024-11-22 03:05:28 +0000"
    },
    "done": true
  },
  "mcwholidays:recipes/pair_of_pumpkins": {
    "criteria": {
      "has_planks": "2024-11-22 03:05:19 +0000"
    },
    "done": true
  },
  "tombstone:adventure/chain_death": {
    "criteria": {
      "coded_trigger": "2024-11-22 03:16:03 +0000"
    },
    "done": true
  },
  "securitycraft:recipes/securitycraft/reinforced_andesite": {
    "criteria": {
      "has_cobblestone": "2024-11-22 03:06:15 +0000"
    },
    "done": true
  },
  "tombstone:adventure/find_grave_dust": {
    "criteria": {
      "from_undead": "2024-11-22 03:07:12 +0000"
    },
    "done": true
  },
  "mcwholidays:recipes/black_balloon": {
    "criteria": {
      "has_planks": "2024-11-22 03:05:19 +0000"
    },
    "done": true
  },
  "mcwholidays:recipes/bat_sleeping": {
    "criteria": {
      "has_planks": "2024-11-22 03:05:19 +0000"
    },
    "done": true
  },
  "minecraft:recipes/tools/wooden_hoe": {
    "criteria": {
      "has_stick": "2024-11-22 03:05:19 +0000"
    },
    "done": true
  },
  "tombstone:recipes/from_grave_key": {
    "criteria": {
      "has_ingredient": "2024-11-22 03:08:12 +0000"
    },
    "done": true
  },
  "minecraft:recipes/building_blocks/cobblestone_slab": {
    "criteria": {
      "has_cobblestone": "2024-11-22 03:06:15 +0000"
    },
    "done": true
  },
  "mcwholidays:recipes/skeleton_balloon": {
    "criteria": {
      "has_planks": "2024-11-22 03:05:19 +0000"
    },
    "done": true
  },
  "parcool:grant_parcool_guide": {
    "criteria": {
      "tick": "2024-11-22 03:02:31 +0000"
    },
    "done": true
  },
  "mcwholidays:recipes/carved_shocked_pumpkin": {
    "criteria": {
      "has_planks": "2024-11-22 03:05:19 +0000"
    },
    "done": true
  },
  "minecraft:recipes/misc/bone_meal": {
    "criteria": {
      "has_bone": "2024-11-22 03:07:12 +0000"
    },
    "done": true
  },
  "minecraft:recipes/building_blocks/cobblestone_stairs": {
    "criteria": {
      "has_cobblestone": "2024-11-22 03:06:15 +0000"
    },
    "done": true
  },
  "mcwholidays:recipes/witch_hat": {
    "criteria": {
      "has_planks": "2024-11-22 03:05:19 +0000"
    },
    "done": true
  },
  "securitycraft:recipes/securitycraft/laser_block": {
    "criteria": {
      "has_stone": "2024-11-22 03:05:59 +0000"
    },
    "done": true
  },
  "minecraft:recipes/building_blocks/brick_slab_from_bricks_stonecutting": {
    "criteria": {
      "has_bricks": "2024-11-22 03:07:54 +0000"
    },
    "done": true
  },
  "mcwholidays:recipes/carved_evil_pumpkin": {
    "criteria": {
      "has_planks": "2024-11-22 03:05:19 +0000"
    },
    "done": true
  },
  "mcwholidays:recipes/three_potions": {
    "criteria": {
      "has_planks": "2024-11-22 03:05:19 +0000"
    },
    "done": true
  },
  "minecraft:story/root": {
    "criteria": {
      "crafting_table": "2024-11-22 03:05:32 +0000"
    },
    "done": true
  },
  "tombstone:adventure/first_grave": {
    "criteria": {
      "coded_trigger": "2024-11-22 03:08:11 +0000"
    },
    "done": true
  },
  "minecraft:recipes/combat/crossbow": {
    "criteria": {
      "has_stick": "2024-11-22 03:05:19 +0000"
    },
    "done": true
  },
  "minecraft:recipes/redstone/spruce_pressure_plate": {
    "criteria": {
      "has_planks": "2024-11-22 03:05:28 +0000"
    },
    "done": true
  },
  "mcwholidays:recipes/spider_wall_deco_1": {
    "criteria": {
      "has_planks": "2024-11-22 03:05:19 +0000"
    },
    "done": true
  },
  "mcwholidays:recipes/spider_wall_deco_2": {
    "criteria": {
      "has_planks": "2024-11-22 03:05:19 +0000"
    },
    "done": true
  },
  "mcwbridges:recipes/spruce_rail_bridge": {
    "criteria": {
      "has_planks": "2024-11-22 03:05:28 +0000"
    },
    "done": true
  },
  "mcwholidays:recipes/christmas_pack": {
    "criteria": {
      "has_planks": "2024-11-22 03:05:19 +0000"
    },
    "done": true
  },
  "mcwholidays:recipes/bat_awake": {
    "criteria": {
      "has_planks": "2024-11-22 03:05:19 +0000"
    },
    "done": true
  },
  "mcwholidays:recipes/ghost": {
    "criteria": {
      "has_planks": "2024-11-22 03:05:19 +0000"
    },
    "done": true
  },
  "mcwholidays:recipes/carved_screaming_pumpkin": {
    "criteria": {
      "has_planks": "2024-11-22 03:05:19 +0000"
    },
    "done": true
  },
  "mcwholidays:recipes/lit_shocked_pumpkin": {
    "criteria": {
      "has_planks": "2024-11-22 03:05:19 +0000"
    },
    "done": true
  },
  "minecraft:recipes/food/cooked_chicken_from_smoking": {
    "criteria": {
      "has_chicken": "2024-11-22 03:07:51 +0000"
    },
    "done": true
  },
  "securitycraft:recipes/securitycraft/reinforced_diorite": {
    "criteria": {
      "has_cobblestone": "2024-11-22 03:06:15 +0000"
    },
    "done": true
  },
  "mcwholidays:recipes/half_cobweb": {
    "criteria": {
      "has_planks": "2024-11-22 03:05:19 +0000"
    },
    "done": true
  },
  "minecraft:adventure/kill_a_mob": {
    "criteria": {
      "minecraft:zombie": "2024-11-22 03:19:29 +0000"
    },
    "done": true
  },
  "minecraft:recipes/building_blocks/andesite_stairs_from_andesite_stonecutting": {
    "criteria": {
      "has_andesite": "2024-11-22 03:05:59 +0000"
    },
    "done": true
  },
  "mcwholidays:recipes/lit_friendly_pumpkin": {
    "criteria": {
      "has_planks": "2024-11-22 03:05:19 +0000"
    },
    "done": true
  },
  "minecraft:recipes/building_blocks/brick_stairs": {
    "criteria": {
      "has_brick_block": "2024-11-22 03:07:54 +0000"
    },
    "done": true
  },
  "mcwholidays:recipes/cat_wall_deco_1": {
    "criteria": {
      "has_planks": "2024-11-22 03:05:19 +0000"
    },
    "done": true
  },
  "tombstone:recipes/from_grave_dust": {
    "criteria": {
      "has_ingredient": "2024-11-22 03:07:14 +0000"
    },
    "done": true
  },
  "minecraft:story/mine_stone": {
    "criteria": {
      "get_stone": "2024-11-22 03:06:15 +0000"
    },
    "done": true
  },
  "minecraft:recipes/building_blocks/stone": {
    "criteria": {
      "has_cobblestone": "2024-11-22 03:06:15 +0000"
    },
    "done": true
  },
  "minecraft:recipes/building_blocks/polished_andesite": {
    "criteria": {
      "has_stone": "2024-11-22 03:05:59 +0000"
    },
    "done": true
  },
  "mcwholidays:recipes/laying_hay_bale": {
    "criteria": {
      "has_planks": "2024-11-22 03:05:19 +0000"
    },
    "done": true
  },
  "minecraft:recipes/decorations/furnace": {
    "criteria": {
      "has_cobblestone": "2024-11-22 03:06:15 +0000"
    },
    "done": true
  },
  "minecraft:adventure/adventuring_time": {
    "criteria": {
      "minecraft:mountains": "2024-11-22 03:02:31 +0000",
      "minecraft:taiga": "2024-11-22 03:02:56 +0000",
      "minecraft:taiga_hills": "2024-11-22 03:22:35 +0000"
    },
    "done": false
  },
  "minecraft:recipes/misc/charcoal": {
    "criteria": {
      "has_log": "2024-11-22 03:05:25 +0000"
    },
    "done": true
  },
  "minecraft:recipes/building_blocks/andesite_stairs": {
    "criteria": {
      "has_andesite": "2024-11-22 03:05:59 +0000"
    },
    "done": true
  },
  "minecraft:recipes/building_blocks/spruce_planks": {
    "criteria": {
      "has_logs": "2024-11-22 03:05:25 +0000"
    },
    "done": true
  },
  "minecraft:recipes/tools/wooden_pickaxe": {
    "criteria": {
      "has_stick": "2024-11-22 03:05:19 +0000"
    },
    "done": true
  },
  "mcwholidays:recipes/large_pumpkin": {
    "criteria": {
      "has_planks": "2024-11-22 03:05:19 +0000"
    },
    "done": true
  },
  "minecraft:recipes/building_blocks/cobblestone_slab_from_cobblestone_stonecutting": {
    "criteria": {
      "has_cobblestone": "2024-11-22 03:06:15 +0000"
    },
    "done": true
  },
  "pizzacraft:root": {
    "criteria": {
      "tick": "2024-11-22 03:02:31 +0000"
    },
    "done": true
  },
  "tombstone:adventure/find_easter_egg": {
    "criteria": {
      "coded_trigger": "2024-11-22 03:05:19 +0000"
    },
    "done": true
  },
  "undead:shootspit": {
    "criteria": {
      "shootspit": "2024-11-22 03:20:24 +0000"
    },
    "done": true
  },
  "mcwholidays:recipes/mixed_oak_leaves_carpet": {
    "criteria": {
      "has_planks": "2024-11-22 03:05:19 +0000"
    },
    "done": true
  },
  "mcwholidays:recipes/small_pumpkin": {
    "criteria": {
      "has_planks": "2024-11-22 03:05:19 +0000"
    },
    "done": true
  },
  "minecraft:recipes/transportation/birch_boat": {
    "criteria": {
      "in_water": "2024-11-22 03:23:13 +0000"
    },
    "done": true
  },
  "minecraft:recipes/combat/stone_sword": {
    "criteria": {
      "has_cobblestone": "2024-11-22 03:06:15 +0000"
    },
    "done": true
  },
  "mcwholidays:recipes/haunting_ghost": {
    "criteria": {
      "has_planks": "2024-11-22 03:05:19 +0000"
    },
    "done": true
  },
  "minecraft:recipes/decorations/barrel": {
    "criteria": {
      "has_planks": "2024-11-22 03:05:28 +0000"
    },
    "done": true
  },
  "minecraft:recipes/building_blocks/polished_andesite_slab_from_andesite_stonecutting": {
    "criteria": {
      "has_andesite": "2024-11-22 03:05:59 +0000"
    },
    "done": true
  },
  "minecraft:recipes/decorations/cobblestone_wall": {
    "criteria": {
      "has_cobblestone": "2024-11-22 03:06:15 +0000"
    },
    "done": true
  },
  "mcwholidays:recipes/lit_screaming_pumpkin": {
    "criteria": {
      "has_planks": "2024-11-22 03:05:19 +0000"
    },
    "done": true
  },
  "minecraft:recipes/building_blocks/polished_andesite_from_andesite_stonecutting": {
    "criteria": {
      "has_andesite": "2024-11-22 03:05:59 +0000"
    },
    "done": true
  },
  "mcwholidays:recipes/tall_gravestone": {
    "criteria": {
      "has_planks": "2024-11-22 03:05:19 +0000"
    },
    "done": true
  },
  "mcwholidays:recipes/slanted_gravestone": {
    "criteria": {
      "has_planks": "2024-11-22 03:05:19 +0000"
    },
    "done": true
  },
  "minecraft:recipes/transportation/acacia_boat": {
    "criteria": {
      "in_water": "2024-11-22 03:23:13 +0000"
    },
    "done": true
  },
  "minecraft:recipes/tools/stone_pickaxe": {
    "criteria": {
      "has_cobblestone": "2024-11-22 03:06:15 +0000"
    },
    "done": true
  },
  "mcwholidays:recipes/orange_oak_leaves": {
    "criteria": {
      "has_planks": "2024-11-22 03:05:19 +0000"
    },
    "done": true
  },
  "minecraft:adventure/root": {
    "criteria": {
      "killed_something": "2024-11-22 03:07:12 +0000"
    },
    "done": true
  },
  "securitycraft:recipes/securitycraft/motion_activated_light": {
    "criteria": {
      "has_stick": "2024-11-22 03:05:19 +0000"
    },
    "done": true
  },
  "mcwholidays:recipes/witch_hat_wall_deco_2": {
    "criteria": {
      "has_planks": "2024-11-22 03:05:19 +0000"
    },
    "done": true
  },
  "minecraft:recipes/transportation/jungle_boat": {
    "criteria": {
      "in_water": "2024-11-22 03:23:13 +0000"
    },
    "done": true
  },
  "mcwholidays:recipes/witch_hat_wall_deco_1": {
    "criteria": {
      "has_planks": "2024-11-22 03:05:19 +0000"
    },
    "done": true
  },
  "mcwholidays:recipes/ghost_balloon": {
    "criteria": {
      "has_planks": "2024-11-22 03:05:19 +0000"
    },
    "done": true
  },
  "minecraft:recipes/decorations/cobblestone_wall_from_cobblestone_stonecutting": {
    "criteria": {
      "has_cobblestone": "2024-11-22 03:06:15 +0000"
    },
    "done": true
  },
  "mcwholidays:recipes/carved_friendly_pumpkin": {
    "criteria": {
      "has_planks": "2024-11-22 03:05:19 +0000"
    },
    "done": true
  },
  "mcwbridges:recipes/brick_bridge_pier": {
    "criteria": {
      "has_planks": "2024-11-22 03:07:54 +0000"
    },
    "done": true
  },
  "minecraft:recipes/tools/stone_hoe": {
    "criteria": {
      "has_cobblestone": "2024-11-22 03:06:15 +0000"
    },
    "done": true
  },
  "minecraft:recipes/decorations/spruce_fence": {
    "criteria": {
      "has_planks": "2024-11-22 03:05:28 +0000"
    },
    "done": true
  },
  "minecraft:recipes/transportation/dark_oak_boat": {
    "criteria": {
      "in_water": "2024-11-22 03:23:13 +0000"
    },
    "done": true
  },
  "minecraft:recipes/decorations/andesite_wall_from_andesite_stonecutting": {
    "criteria": {
      "has_andesite": "2024-11-22 03:05:59 +0000"
    },
    "done": true
  },
  "mcwholidays:recipes/chaotic_cobweb": {
    "criteria": {
      "has_planks": "2024-11-22 03:05:19 +0000"
    },
    "done": true
  },
  "mcwholidays:recipes/three_pumpkins": {
    "criteria": {
      "has_planks": "2024-11-22 03:05:19 +0000"
    },
    "done": true
  },
  "minecraft:adventure/kill_all_mobs": {
    "criteria": {
      "minecraft:guardian": "2024-11-22 03:23:57 +0000",
      "minecraft:zombie": "2024-11-22 03:19:29 +0000"
    },
    "done": false
  },
  "corail_woodcutter:recipes/from_spruce_planks": {
    "criteria": {
      "has_ingredient": "2024-11-22 03:05:28 +0000"
    },
    "done": true
  },
  "mcwholidays:recipes/pumpkin_wheelbarrow": {
    "criteria": {
      "has_planks": "2024-11-22 03:05:19 +0000"
    },
    "done": true
  },
  "minecraft:recipes/building_blocks/brick_slab": {
    "criteria": {
      "has_brick_block": "2024-11-22 03:07:54 +0000"
    },
    "done": true
  },
  "mcwholidays:recipes/single_potion": {
    "criteria": {
      "has_planks": "2024-11-22 03:05:19 +0000"
    },
    "done": true
  },
  "mcwholidays:recipes/medium_pumpkin": {
    "criteria": {
      "has_planks": "2024-11-22 03:05:19 +0000"
    },
    "done": true
  },
  "mcwbridges:recipes/spruce_log_bridge_middle": {
    "criteria": {
      "has_planks": "2024-11-22 03:05:28 +0000"
    },
    "done": true
  },
  "minecraft:recipes/food/cooked_chicken_from_campfire_cooking": {
    "criteria": {
      "has_chicken": "2024-11-22 03:07:51 +0000"
    },
    "done": true
  },
  "mcwholidays:recipes/stone_cross": {
    "criteria": {
      "has_planks": "2024-11-22 03:05:19 +0000"
    },
    "done": true
  },
  "minecraft:recipes/building_blocks/spruce_stairs": {
    "criteria": {
      "has_planks": "2024-11-22 03:05:28 +0000"
    },
    "done": true
  },
  "mcwholidays:recipes/ghost_doormat": {
    "criteria": {
      "has_planks": "2024-11-22 03:05:19 +0000"
    },
    "done": true
  },
  "mcwholidays:recipes/red_oak_leaves_carpet": {
    "criteria": {
      "has_planks": "2024-11-22 03:05:19 +0000"
    },
    "done": true
  },
  "minecraft:recipes/redstone/spruce_trapdoor": {
    "criteria": {
      "has_planks": "2024-11-22 03:05:28 +0000"
    },
    "done": true
  },
  "mcwholidays:recipes/yellow_oak_leaves_carpet": {
    "criteria": {
      "has_planks": "2024-11-22 03:05:19 +0000"
    },
    "done": true
  },
  "craftingdead:recipes/craftingdead.combat/combat_knife": {
    "criteria": {
      "has_stick": "2024-11-22 03:05:19 +0000"
    },
    "done": true
  },
  "mcwholidays:recipes/spider_balloon": {
    "criteria": {
      "has_planks": "2024-11-22 03:05:19 +0000"
    },
    "done": true
  },
  "minecraft:recipes/decorations/brick_wall_from_bricks_stonecutting": {
    "criteria": {
      "has_bricks": "2024-11-22 03:07:54 +0000"
    },
    "done": true
  },
  "mcwholidays:recipes/brown_oak_leaves_carpet": {
    "criteria": {
      "has_planks": "2024-11-22 03:05:19 +0000"
    },
    "done": true
  },
  "mcwholidays:recipes/standing_broomstick": {
    "criteria": {
      "has_planks": "2024-11-22 03:05:19 +0000"
    },
    "done": true
  },
  "mcwholidays:recipes/scarecrow": {
    "criteria": {
      "has_planks": "2024-11-22 03:05:19 +0000"
    },
    "done": true
  },
  "mcwholidays:recipes/lit_smile_pumpkin": {
    "criteria": {
      "has_planks": "2024-11-22 03:05:19 +0000"
    },
    "done": true
  },
  "tombstone:adventure/first_knowledge": {
    "criteria": {
      "coded_trigger": "2024-11-22 03:07:12 +0000"
    },
    "done": true
  },
  "minecraft:story/upgrade_tools": {
    "criteria": {
      "stone_pickaxe": "2024-11-22 03:07:31 +0000"
    },
    "done": true
  },
  "minecraft:recipes/decorations/andesite_wall": {
    "criteria": {
      "has_andesite": "2024-11-22 03:05:59 +0000"
    },
    "done": true
  },
  "mcwholidays:recipes/pair_of_potions": {
    "criteria": {
      "has_planks": "2024-11-22 03:05:19 +0000"
    },
    "done": true
  },
  "minecraft:recipes/building_blocks/andesite_slab": {
    "criteria": {
      "has_andesite": "2024-11-22 03:05:59 +0000"
    },
    "done": true
  },
  "minecraft:recipes/food/cooked_chicken": {
    "criteria": {
      "has_chicken": "2024-11-22 03:07:51 +0000"
    },
    "done": true
  },
  "mcwholidays:recipes/flat_gravestone": {
    "criteria": {
      "has_planks": "2024-11-22 03:05:19 +0000"
    },
    "done": true
  },
  "minecraft:recipes/decorations/soul_campfire": {
    "criteria": {
      "has_stick": "2024-11-22 03:05:19 +0000"
    },
    "done": true
  },
  "minecraft:recipes/transportation/oak_boat": {
    "criteria": {
      "in_water": "2024-11-22 03:23:13 +0000"
    },
    "done": true
  },
  "mcwholidays:recipes/standing_rake": {
    "criteria": {
      "has_planks": "2024-11-22 03:05:19 +0000"
    },
    "done": true
  },
  "mcwholidays:recipes/pumpkin_wall_deco_1": {
    "criteria": {
      "has_planks": "2024-11-22 03:05:19 +0000"
    },
    "done": true
  },
  "mcwholidays:recipes/outlined_cobweb": {
    "criteria": {
      "has_planks": "2024-11-22 03:05:19 +0000"
    },
    "done": true
  },
  "minecraft:recipes/tools/stone_axe": {
    "criteria": {
      "has_cobblestone": "2024-11-22 03:06:15 +0000"
    },
    "done": true
  },
  "mcwholidays:recipes/orange_oak_leaves_carpet": {
    "criteria": {
      "has_planks": "2024-11-22 03:05:19 +0000"
    },
    "done": true
  },
  "mcwholidays:recipes/hanging_cobweb": {
    "criteria": {
      "has_planks": "2024-11-22 03:05:19 +0000"
    },
    "done": true
  },
  "mcwholidays:recipes/carved_smile_pumpkin": {
    "criteria": {
      "has_planks": "2024-11-22 03:05:19 +0000"
    },
    "done": true
  },
  "mcwholidays:recipes/pumpkin_wall_deco_2": {
    "criteria": {
      "has_planks": "2024-11-22 03:05:19 +0000"
    },
    "done": true
  },
  "DataVersion": 2586
}