{
  "pizzacraft:root": {
    "criteria": {
      "tick": "2024-11-21 22:24:04 -0430"
    },
    "done": true
  },
  "tombstone:adventure/root": {
    "criteria": {
      "auto": "2024-11-21 22:24:04 -0430"
    },
    "done": true
  },
  "undead:undeadto": {
    "criteria": {
      "undeadto": "2024-11-21 22:24:04 -0430"
    },
    "done": true
  },
  "parcool:grant_parcool_guide": {
    "criteria": {
      "tick": "2024-11-21 22:24:04 -0430"
    },
    "done": true
  },
  "minecraft:adventure/adventuring_time": {
    "criteria": {
      "minecraft:mountains": "2024-11-21 22:24:35 -0430",
      "minecraft:taiga": "2024-11-21 22:24:04 -0430"
    },
    "done": false
  },
  "DataVersion": 2586
}