{
  "mcwholidays:recipes/ghost": {
    "criteria": {
      "has_planks": "2024-11-22 03:02:51 +0000"
    },
    "done": true
  },
  "mcwholidays:recipes/carved_screaming_pumpkin": {
    "criteria": {
      "has_planks": "2024-11-22 03:02:51 +0000"
    },
    "done": true
  },
  "mcwholidays:recipes/lit_shocked_pumpkin": {
    "criteria": {
      "has_planks": "2024-11-22 03:02:51 +0000"
    },
    "done": true
  },
  "mcwholidays:recipes/pyramid_cobweb": {
    "criteria": {
      "has_planks": "2024-11-22 03:02:51 +0000"
    },
    "done": true
  },
  "mcwholidays:recipes/gravestone": {
    "criteria": {
      "has_planks": "2024-11-22 03:02:51 +0000"
    },
    "done": true
  },
  "mcwholidays:recipes/half_cobweb": {
    "criteria": {
      "has_planks": "2024-11-22 03:02:51 +0000"
    },
    "done": true
  },
  "mcwholidays:recipes/witch_cauldron": {
    "criteria": {
      "has_planks": "2024-11-22 03:02:51 +0000"
    },
    "done": true
  },
  "undead:undeadto": {
    "criteria": {
      "undeadto": "2024-11-22 03:01:43 +0000"
    },
    "done": true
  },
  "mcwholidays:recipes/bat_doormat": {
    "criteria": {
      "has_planks": "2024-11-22 03:02:51 +0000"
    },
    "done": true
  },
  "mcwholidays:recipes/mixed_oak_leaves": {
    "criteria": {
      "has_planks": "2024-11-22 03:02:51 +0000"
    },
    "done": true
  },
  "mcwholidays:recipes/lit_friendly_pumpkin": {
    "criteria": {
      "has_planks": "2024-11-22 03:02:51 +0000"
    },
    "done": true
  },
  "mcwholidays:recipes/brown_oak_leaves": {
    "criteria": {
      "has_planks": "2024-11-22 03:02:51 +0000"
    },
    "done": true
  },
  "mcwholidays:recipes/cat_wall_deco_1": {
    "criteria": {
      "has_planks": "2024-11-22 03:02:51 +0000"
    },
    "done": true
  },
  "mcwholidays:recipes/flat_dirt_gravestone": {
    "criteria": {
      "has_planks": "2024-11-22 03:02:51 +0000"
    },
    "done": true
  },
  "mcwholidays:recipes/cornered_cobweb": {
    "criteria": {
      "has_planks": "2024-11-22 03:02:51 +0000"
    },
    "done": true
  },
  "mcwholidays:recipes/laying_hay_bale": {
    "criteria": {
      "has_planks": "2024-11-22 03:02:51 +0000"
    },
    "done": true
  },
  "minecraft:adventure/adventuring_time": {
    "criteria": {
      "minecraft:mountains": "2024-11-22 03:01:43 +0000",
      "minecraft:taiga": "2024-11-22 03:02:42 +0000"
    },
    "done": false
  },
  "mcwholidays:recipes/pumpkin_doormat": {
    "criteria": {
      "has_planks": "2024-11-22 03:02:51 +0000"
    },
    "done": true
  },
  "mcwholidays:recipes/sitting_skeleton": {
    "criteria": {
      "has_planks": "2024-11-22 03:02:51 +0000"
    },
    "done": true
  },
  "mcwholidays:recipes/hay_wheelbarrow": {
    "criteria": {
      "has_planks": "2024-11-22 03:02:51 +0000"
    },
    "done": true
  },
  "mcwholidays:recipes/red_oak_leaves": {
    "criteria": {
      "has_planks": "2024-11-22 03:02:51 +0000"
    },
    "done": true
  },
  "mcwholidays:recipes/large_pumpkin": {
    "criteria": {
      "has_planks": "2024-11-22 03:02:51 +0000"
    },
    "done": true
  },
  "pizzacraft:root": {
    "criteria": {
      "tick": "2024-11-22 03:01:43 +0000"
    },
    "done": true
  },
  "mcwholidays:recipes/orange_balloon": {
    "criteria": {
      "has_planks": "2024-11-22 03:02:51 +0000"
    },
    "done": true
  },
  "tombstone:adventure/find_easter_egg": {
    "criteria": {
      "coded_trigger": "2024-11-22 03:02:51 +0000"
    },
    "done": true
  },
  "infernalexp:recipes/food/blindsight_tounge_stew": {
    "criteria": {
      "has_bowl": "2024-11-22 03:03:57 +0000"
    },
    "done": true
  },
  "mcwholidays:recipes/mixed_oak_leaves_carpet": {
    "criteria": {
      "has_planks": "2024-11-22 03:02:51 +0000"
    },
    "done": true
  },
  "mcwholidays:recipes/ground_skeleton": {
    "criteria": {
      "has_planks": "2024-11-22 03:02:51 +0000"
    },
    "done": true
  },
  "mcwholidays:recipes/small_pumpkin": {
    "criteria": {
      "has_planks": "2024-11-22 03:02:51 +0000"
    },
    "done": true
  },
  "mcwholidays:recipes/triangle_cobweb": {
    "criteria": {
      "has_planks": "2024-11-22 03:02:51 +0000"
    },
    "done": true
  },
  "mcwholidays:recipes/haunting_ghost": {
    "criteria": {
      "has_planks": "2024-11-22 03:02:51 +0000"
    },
    "done": true
  },
  "mcwholidays:recipes/lit_screaming_pumpkin": {
    "criteria": {
      "has_planks": "2024-11-22 03:02:51 +0000"
    },
    "done": true
  },
  "mcwholidays:recipes/small_gravestone": {
    "criteria": {
      "has_planks": "2024-11-22 03:02:51 +0000"
    },
    "done": true
  },
  "mcwholidays:recipes/tall_gravestone": {
    "criteria": {
      "has_planks": "2024-11-22 03:02:51 +0000"
    },
    "done": true
  },
  "mcwholidays:recipes/slanted_gravestone": {
    "criteria": {
      "has_planks": "2024-11-22 03:02:51 +0000"
    },
    "done": true
  },
  "mcwholidays:recipes/standing_hay_bale": {
    "criteria": {
      "has_planks": "2024-11-22 03:02:51 +0000"
    },
    "done": true
  },
  "mcwholidays:recipes/square_gravestone": {
    "criteria": {
      "has_planks": "2024-11-22 03:02:51 +0000"
    },
    "done": true
  },
  "mcwholidays:recipes/orange_oak_leaves": {
    "criteria": {
      "has_planks": "2024-11-22 03:02:51 +0000"
    },
    "done": true
  },
  "mcwholidays:recipes/wooden_cross": {
    "criteria": {
      "has_planks": "2024-11-22 03:02:51 +0000"
    },
    "done": true
  },
  "mcwholidays:recipes/lit_evil_pumpkin": {
    "criteria": {
      "has_planks": "2024-11-22 03:02:51 +0000"
    },
    "done": true
  },
  "mcwholidays:recipes/witch_hat_wall_deco_2": {
    "criteria": {
      "has_planks": "2024-11-22 03:02:51 +0000"
    },
    "done": true
  },
  "mcwholidays:recipes/witch_hat_wall_deco_1": {
    "criteria": {
      "has_planks": "2024-11-22 03:02:51 +0000"
    },
    "done": true
  },
  "mcwholidays:recipes/ghost_balloon": {
    "criteria": {
      "has_planks": "2024-11-22 03:02:51 +0000"
    },
    "done": true
  },
  "mcwholidays:recipes/bat_wall_deco_3": {
    "criteria": {
      "has_planks": "2024-11-22 03:02:51 +0000"
    },
    "done": true
  },
  "mcwholidays:recipes/yellow_oak_leaves": {
    "criteria": {
      "has_planks": "2024-11-22 03:02:51 +0000"
    },
    "done": true
  },
  "mcwholidays:recipes/bat_wall_deco_2": {
    "criteria": {
      "has_planks": "2024-11-22 03:02:51 +0000"
    },
    "done": true
  },
  "mcwholidays:recipes/ghost_wall_deco_2": {
    "criteria": {
      "has_planks": "2024-11-22 03:02:51 +0000"
    },
    "done": true
  },
  "mcwholidays:recipes/bat_wall_deco_1": {
    "criteria": {
      "has_planks": "2024-11-22 03:02:51 +0000"
    },
    "done": true
  },
  "mcwholidays:recipes/ghost_wall_deco_1": {
    "criteria": {
      "has_planks": "2024-11-22 03:02:51 +0000"
    },
    "done": true
  },
  "mcwholidays:recipes/pumpkin_balloon": {
    "criteria": {
      "has_planks": "2024-11-22 03:02:51 +0000"
    },
    "done": true
  },
  "mcwholidays:recipes/happy_ghost": {
    "criteria": {
      "has_planks": "2024-11-22 03:02:51 +0000"
    },
    "done": true
  },
  "mcwholidays:recipes/carved_friendly_pumpkin": {
    "criteria": {
      "has_planks": "2024-11-22 03:02:51 +0000"
    },
    "done": true
  },
  "mcwholidays:recipes/spooky_cobweb": {
    "criteria": {
      "has_planks": "2024-11-22 03:02:51 +0000"
    },
    "done": true
  },
  "mcwholidays:recipes/chaotic_cobweb": {
    "criteria": {
      "has_planks": "2024-11-22 03:02:51 +0000"
    },
    "done": true
  },
  "minecraft:recipes/food/mushroom_stew": {
    "criteria": {
      "has_bowl": "2024-11-22 03:03:57 +0000"
    },
    "done": true
  },
  "tombstone:adventure/root": {
    "criteria": {
      "auto": "2024-11-22 03:01:43 +0000"
    },
    "done": true
  },
  "mcwholidays:recipes/pair_of_pumpkins": {
    "criteria": {
      "has_planks": "2024-11-22 03:02:51 +0000"
    },
    "done": true
  },
  "mcwholidays:recipes/three_pumpkins": {
    "criteria": {
      "has_planks": "2024-11-22 03:02:51 +0000"
    },
    "done": true
  },
  "mcwholidays:recipes/pumpkin_wheelbarrow": {
    "criteria": {
      "has_planks": "2024-11-22 03:02:51 +0000"
    },
    "done": true
  },
  "mcwholidays:recipes/black_balloon": {
    "criteria": {
      "has_planks": "2024-11-22 03:02:51 +0000"
    },
    "done": true
  },
  "mcwholidays:recipes/bat_sleeping": {
    "criteria": {
      "has_planks": "2024-11-22 03:02:51 +0000"
    },
    "done": true
  },
  "tombstone:recipes/from_grave_key": {
    "criteria": {
      "has_ingredient": "2024-11-22 03:04:14 +0000"
    },
    "done": true
  },
  "mcwholidays:recipes/single_potion": {
    "criteria": {
      "has_planks": "2024-11-22 03:02:51 +0000"
    },
    "done": true
  },
  "mcwholidays:recipes/medium_pumpkin": {
    "criteria": {
      "has_planks": "2024-11-22 03:02:51 +0000"
    },
    "done": true
  },
  "mcwholidays:recipes/skeleton_balloon": {
    "criteria": {
      "has_planks": "2024-11-22 03:02:51 +0000"
    },
    "done": true
  },
  "mcwholidays:recipes/stone_cross": {
    "criteria": {
      "has_planks": "2024-11-22 03:02:51 +0000"
    },
    "done": true
  },
  "parcool:grant_parcool_guide": {
    "criteria": {
      "tick": "2024-11-22 03:01:43 +0000"
    },
    "done": true
  },
  "mcwholidays:recipes/ghost_doormat": {
    "criteria": {
      "has_planks": "2024-11-22 03:02:51 +0000"
    },
    "done": true
  },
  "mcwholidays:recipes/red_oak_leaves_carpet": {
    "criteria": {
      "has_planks": "2024-11-22 03:02:51 +0000"
    },
    "done": true
  },
  "minecraft:recipes/misc/bone_meal": {
    "criteria": {
      "has_bone": "2024-11-22 03:02:57 +0000"
    },
    "done": true
  },
  "mcwholidays:recipes/carved_shocked_pumpkin": {
    "criteria": {
      "has_planks": "2024-11-22 03:02:51 +0000"
    },
    "done": true
  },
  "mcwholidays:recipes/yellow_oak_leaves_carpet": {
    "criteria": {
      "has_planks": "2024-11-22 03:02:51 +0000"
    },
    "done": true
  },
  "mcwholidays:recipes/witch_hat": {
    "criteria": {
      "has_planks": "2024-11-22 03:02:51 +0000"
    },
    "done": true
  },
  "mcwholidays:recipes/spider_balloon": {
    "criteria": {
      "has_planks": "2024-11-22 03:02:51 +0000"
    },
    "done": true
  },
  "mcwholidays:recipes/carved_evil_pumpkin": {
    "criteria": {
      "has_planks": "2024-11-22 03:02:51 +0000"
    },
    "done": true
  },
  "mcwholidays:recipes/three_potions": {
    "criteria": {
      "has_planks": "2024-11-22 03:02:51 +0000"
    },
    "done": true
  },
  "mcwholidays:recipes/brown_oak_leaves_carpet": {
    "criteria": {
      "has_planks": "2024-11-22 03:02:51 +0000"
    },
    "done": true
  },
  "mcwholidays:recipes/standing_broomstick": {
    "criteria": {
      "has_planks": "2024-11-22 03:02:51 +0000"
    },
    "done": true
  },
  "mcwholidays:recipes/scarecrow": {
    "criteria": {
      "has_planks": "2024-11-22 03:02:51 +0000"
    },
    "done": true
  },
  "mcwholidays:recipes/lit_smile_pumpkin": {
    "criteria": {
      "has_planks": "2024-11-22 03:02:51 +0000"
    },
    "done": true
  },
  "tombstone:adventure/first_grave": {
    "criteria": {
      "coded_trigger": "2024-11-22 03:04:11 +0000"
    },
    "done": true
  },
  "mcwholidays:recipes/pair_of_potions": {
    "criteria": {
      "has_planks": "2024-11-22 03:02:51 +0000"
    },
    "done": true
  },
  "mcwholidays:recipes/flat_gravestone": {
    "criteria": {
      "has_planks": "2024-11-22 03:02:51 +0000"
    },
    "done": true
  },
  "mcwholidays:recipes/standing_rake": {
    "criteria": {
      "has_planks": "2024-11-22 03:02:51 +0000"
    },
    "done": true
  },
  "mcwholidays:recipes/pumpkin_wall_deco_1": {
    "criteria": {
      "has_planks": "2024-11-22 03:02:51 +0000"
    },
    "done": true
  },
  "mcwholidays:recipes/outlined_cobweb": {
    "criteria": {
      "has_planks": "2024-11-22 03:02:51 +0000"
    },
    "done": true
  },
  "mcwholidays:recipes/orange_oak_leaves_carpet": {
    "criteria": {
      "has_planks": "2024-11-22 03:02:51 +0000"
    },
    "done": true
  },
  "mcwholidays:recipes/spider_wall_deco_1": {
    "criteria": {
      "has_planks": "2024-11-22 03:02:51 +0000"
    },
    "done": true
  },
  "mcwholidays:recipes/spider_wall_deco_2": {
    "criteria": {
      "has_planks": "2024-11-22 03:02:51 +0000"
    },
    "done": true
  },
  "mcwholidays:recipes/hanging_cobweb": {
    "criteria": {
      "has_planks": "2024-11-22 03:02:51 +0000"
    },
    "done": true
  },
  "mcwholidays:recipes/carved_smile_pumpkin": {
    "criteria": {
      "has_planks": "2024-11-22 03:02:51 +0000"
    },
    "done": true
  },
  "mcwholidays:recipes/pumpkin_wall_deco_2": {
    "criteria": {
      "has_planks": "2024-11-22 03:02:51 +0000"
    },
    "done": true
  },
  "mcwholidays:recipes/christmas_pack": {
    "criteria": {
      "has_planks": "2024-11-22 03:02:51 +0000"
    },
    "done": true
  },
  "mcwholidays:recipes/bat_awake": {
    "criteria": {
      "has_planks": "2024-11-22 03:02:51 +0000"
    },
    "done": true
  },
  "DataVersion": 2586
}